member_id,first_name,last_name,mail,phone_num,membership_date
,Nicole,Mccarty,nicolemcc@library.com,5119692625,2021-09-26
,Jessica,Patterson,jessicapat@library.com,5511178885,2023-12-04
,Sandra,Rodriguez,sandrarod@library.com,5438772734,2020-09-09
,Kayla,Davis,kayladav@library.com,5276147629,2024-10-08
,Brittany,Frey,brittanyfre@library.com,5230526775,2020-02-11
,Mark,Sanchez,marksan@library.com,5198690898,2023-09-10
,Johnny,Roberts,johnnyrob@library.com,5446461427,2024-08-03
,Cheryl,Long,cheryllon@library.com,5352160320,2021-05-17
,Dawn,Galloway,dawngal@library.com,5371949007,2023-08-08
,Michael,Spence,michaelspe@library.com,5429018309,2023-05-30
,Steven,Cole,stevencol@library.com,5158817249,2021-11-15
,Bruce,Peck,brucepec@library.com,5116319927,2020-07-29
,Raymond,Smith,raymondsmi@library.com,5228989443,2021-04-28
,Meagan,Jones,meaganjon@library.com,5066189826,2023-07-23
,Troy,Cowan,troycow@library.com,5315791340,2024-06-18
,Autumn,Boyd,autumnboy@library.com,5528139147,2022-07-21
,Joel,Watson,joelwat@library.com,5260247716,2023-09-14
,Laura,Maldonado,lauramal@library.com,5076003831,2024-02-09
,Allison,Jones,allisonjon@library.com,5334670460,2022-09-25
,Suzanne,Robertson,suzannerob@library.com,5409816935,2024-01-30
,Michael,Gomez,michaelgom@library.com,5206023198,2023-01-11
,Elizabeth,Spencer,elizabethspe@library.com,5106710991,2022-03-14
,John,Osborne,johnosb@library.com,5278903009,2022-09-22
,Michael,Myers,michaelmye@library.com,5090158365,2023-10-06
,Alex,Oliver,alexoli@library.com,5495531951,2022-05-26
,Richard,Lee,richardlee@library.com,5297468441,2020-10-04
,Maria,Wilson,mariawil@library.com,5494128847,2020-07-24
,Oscar,Davis,oscardav@library.com,5430651044,2024-10-29
,Sydney,Brooks,sydneybro@library.com,5097656489,2024-11-11
,Alexis,Henson,alexishen@library.com,5218014874,2023-09-03
,Amy,Garcia,amygar@library.com,5070528631,2021-06-10
,Kimberly,Bush,kimberlybus@library.com,5137228284,2023-09-06
,Ashley,Ward,ashleywar@library.com,5222523281,2024-02-16
,Darren,Johnson,darrenjoh@library.com,5080281836,2024-01-21
,Mark,Lee,marklee@library.com,5146416577,2024-03-18
,Lauren,Jones,laurenjon@library.com,5277276980,2023-05-20
,Danny,Allen,dannyall@library.com,5228078812,2022-08-11
,Mary,French,maryfre@library.com,5486771765,2020-02-20
,Angelica,Hansen,angelicahan@library.com,5098374462,2020-11-03
,Heather,Harris,heatherhar@library.com,5174030943,2024-11-17
,Christopher,Wood,christopherwoo@library.com,5038661667,2021-09-11
,Abigail,Smith,abigailsmi@library.com,5226253931,2024-08-09
,Holly,Kelly,hollykel@library.com,5431342406,2020-05-07
,Julie,Wall,juliewal@library.com,5100524538,2024-09-13
,Jonathan,Kennedy,jonathanken@library.com,5214904543,2021-04-24
,Justin,Pacheco,justinpac@library.com,5312524974,2024-02-02
,Joshua,Anderson,joshuaand@library.com,5375224515,2024-03-17
,James,Jones,jamesjon@library.com,5334690927,2021-08-28
,Alicia,Wilson,aliciawil@library.com,5203048199,2024-01-02
,Andrew,Hall,andrewhal@library.com,5537664159,2023-01-19
,Donald,Jarvis,donaldjar@library.com,5344785315,2023-10-19
,Mark,Huber,markhub@library.com,5051762050,2021-07-20
,Kimberly,Campbell,kimberlycam@library.com,5199604424,2023-11-05
,Antonio,Brandt,antoniobra@library.com,5236637186,2021-06-18
,Sabrina,Carey,sabrinacar@library.com,5472190256,2023-10-22
,Stephanie,Weaver,stephaniewea@library.com,5211572202,2023-04-20
,Kimberly,Bolton,kimberlybol@library.com,5201043735,2020-07-27
,Emily,Rose,emilyros@library.com,5333138148,2024-07-13
,James,Downs,jamesdow@library.com,5500350691,2020-12-21
,Adam,Walker,adamwal@library.com,5385129068,2022-09-07
,Kristen,Wilson,kristenwil@library.com,5199551697,2020-10-25
,Carla,Ross,carlaros@library.com,5178432070,2021-08-17
,Michelle,Smith,michellesmi@library.com,5385556324,2020-12-14
,Andrea,Aguirre,andreaagu@library.com,5521397824,2021-10-20
,Joseph,Mueller,josephmue@library.com,5218781689,2020-08-05
,Jennifer,Rojas,jenniferroj@library.com,5247548609,2024-01-30
,Lindsey,Smith,lindseysmi@library.com,5353628318,2022-08-15
,Michael,Sosa,michaelsos@library.com,5296296971,2021-08-30
,Bobby,Miller,bobbymil@library.com,5302387683,2020-10-18
,Frances,Torres,francestor@library.com,5057555754,2024-11-02
,Austin,Tate,austintat@library.com,5037709654,2021-04-26
,Timothy,Kim,timothykim@library.com,5332761339,2020-01-29
,Jeremy,Baker,jeremybak@library.com,5364827352,2020-09-12
,Cynthia,Wright,cynthiawri@library.com,5460630466,2022-10-16
,Tina,Evans,tinaeva@library.com,5461554641,2024-09-21
,Kenneth,Yates,kennethyat@library.com,5278935465,2022-05-01
,Kerry,Jones,kerryjon@library.com,5043213794,2021-03-22
,George,Choi,georgecho@library.com,5389674706,2022-02-05
,Kimberly,Nelson,kimberlynel@library.com,5088202434,2023-04-26
,Richard,Warren,richardwar@library.com,5520527967,2022-10-11
,Samantha,Mullins,samanthamul@library.com,5107275893,2020-09-25
,Nicole,Reilly,nicolerei@library.com,5199287086,2022-03-26
,Victor,Cameron,victorcam@library.com,5070633633,2024-04-09
,Danny,Hill,dannyhil@library.com,5538037636,2023-06-19
,Hannah,Cook,hannahcoo@library.com,5268860697,2021-10-30
,Cory,Smith,corysmi@library.com,5212034606,2023-04-13
,Nicole,Hester,nicolehes@library.com,5291876204,2023-04-02
,Heather,Patel,heatherpat@library.com,5405034720,2024-01-08
,James,Johnson,jamesjoh@library.com,5173888404,2023-08-10
,Stacy,Miller,stacymil@library.com,5321952176,2022-05-29
,Olivia,Murphy,oliviamur@library.com,5201718123,2022-09-09
,Shane,Pratt,shanepra@library.com,5410792677,2021-10-28
,Deborah,Heath,deborahhea@library.com,5362971247,2024-04-27
,Rhonda,Gross,rhondagro@library.com,5325226957,2021-12-19
,John,Velez,johnvel@library.com,5427650170,2024-04-27
,Jennifer,Collins,jennifercol@library.com,5036239810,2021-05-06
,Elizabeth,Long,elizabethlon@library.com,5288230270,2024-06-16
,Carlos,Weber,carlosweb@library.com,5374306212,2021-08-29
,Nicole,Ramirez,nicoleram@library.com,5225743740,2022-11-12
,Lisa,Hurley,lisahur@library.com,5198864413,2020-12-16
,Michelle,Anderson,michelleand@library.com,5142803644,2023-04-12
,Gregory,Johnson,gregoryjoh@library.com,5467340809,2023-01-08
,Corey,Allen,coreyall@library.com,5472555312,2024-12-14
,Scott,Brown,scottbro@library.com,5491065451,2022-07-08
,Kimberly,Stevenson,kimberlyste@library.com,5525486171,2023-07-05
,Erin,Morris,erinmor@library.com,5457653295,2022-08-23
,Jay,Norton,jaynor@library.com,5507790982,2021-11-19
,Ashley,Williamson,ashleywil@library.com,5499056031,2023-11-29
,Julie,Thompson,julietho@library.com,5279297742,2024-01-01
,Robert,Baldwin,robertbal@library.com,5416948096,2021-08-15
,Melissa,Moore,melissamoo@library.com,5390321176,2022-07-10
,Monica,Conner,monicacon@library.com,5048948945,2023-11-24
,Nathan,Ortiz,nathanort@library.com,5461117129,2024-09-19
,John,Rodriguez,johnrod@library.com,5433473120,2023-08-03
,John,Taylor,johntay@library.com,5499264756,2023-03-10
,Christopher,Clark,christophercla@library.com,5060273541,2024-02-07
,Lisa,Ferrell,lisafer@library.com,5380590937,2021-02-15
,Kevin,Howard,kevinhow@library.com,5428504216,2021-07-23
,Tricia,Boyle,triciaboy@library.com,5228836860,2020-12-21
,Ariel,Clements,arielcle@library.com,5088328135,2021-10-31
,Jeffrey,Sanchez,jeffreysan@library.com,5307381518,2021-09-28
,Peter,Johnson,peterjoh@library.com,5166929986,2023-07-01
,David,Reyes,davidrey@library.com,5085995638,2020-08-14
,Stephanie,Chen,stephanieche@library.com,5148435970,2022-09-23
,Jeremy,Carr,jeremycar@library.com,5048890636,2020-06-20
,Kelly,Brown,kellybro@library.com,5374327411,2020-09-06
,Ashley,Gregory,ashleygre@library.com,5427537078,2024-12-17
,Amy,Mitchell,amymit@library.com,5093140993,2022-01-13
,Earl,Harris,earlhar@library.com,5350266759,2022-06-25
,Barry,Nguyen,barryngu@library.com,5314725424,2021-08-05
,James,Simmons,jamessim@library.com,5495721165,2020-11-11
,Daniel,Snyder,danielsny@library.com,5037137345,2020-07-20
,Frank,Vargas,frankvar@library.com,5144746981,2022-08-10
,Robin,Velasquez,robinvel@library.com,5406954968,2022-05-28
,Brian,Conrad,briancon@library.com,5531400206,2021-03-21
,Cheyenne,Green,cheyennegre@library.com,5041440622,2020-03-20
,Michael,Martinez,michaelmar@library.com,5280918647,2020-07-11
,Joshua,Taylor,joshuatay@library.com,5536059266,2022-05-17
,Amanda,Johnson,amandajoh@library.com,5245277646,2024-04-15
,Matthew,Andrews,matthewand@library.com,5479559099,2022-06-23
,William,Webb,williamweb@library.com,5333432217,2020-04-22
,Justin,Garcia,justingar@library.com,5430706012,2022-07-03
,Anna,Curtis,annacur@library.com,5189737045,2021-08-02
,Kelly,Smith,kellysmi@library.com,5183411896,2021-01-02
,Mark,Hansen,markhan@library.com,5112768017,2020-07-09
,Henry,Lawrence,henrylaw@library.com,5169006883,2022-01-25
,Elizabeth,Brown,elizabethbro@library.com,5045111607,2024-10-06
,Steven,Brown,stevenbro@library.com,5371223497,2020-03-10
,Jose,Kelly,josekel@library.com,5374804583,2022-06-10
,Julie,Mclaughlin,juliemcl@library.com,5404617832,2024-04-25
,Adam,Benton,adamben@library.com,5216709526,2020-10-15
,Emily,Garcia,emilygar@library.com,5278377727,2022-10-02
,Don,Rice,donric@library.com,5299244332,2022-10-26
,Sarah,Gray,sarahgra@library.com,5087989983,2021-02-14
,Benjamin,Lowery,benjaminlow@library.com,5145223573,2024-05-06
,Dustin,Tucker,dustintuc@library.com,5106769289,2021-11-13
,Shannon,Daniels,shannondan@library.com,5108275709,2020-12-17
,Kristina,Smith,kristinasmi@library.com,5213240044,2020-03-20
,Bradley,Bennett,bradleyben@library.com,5115339531,2024-07-01
,Michael,Allen,michaelall@library.com,5512307425,2024-08-07
,Anthony,Ward,anthonywar@library.com,5057315829,2022-09-05
,Christina,Johnson,christinajoh@library.com,5425351085,2022-07-01
,Nicole,Brown,nicolebro@library.com,5525914405,2020-05-01
,Kevin,Jensen,kevinjen@library.com,5279052426,2023-03-04
,Kristine,Johnson,kristinejoh@library.com,5436906590,2021-09-17
,Sara,Sellers,sarasel@library.com,5459313236,2024-09-09
,William,Hernandez,williamher@library.com,5475742499,2020-10-21
,Ronald,Bell,ronaldbel@library.com,5356296237,2022-03-12
,Raymond,Smith,raymondsmi@library.com,5255485598,2023-11-07
,Jessica,Bell,jessicabel@library.com,5256745339,2020-09-12
,Kelly,Greene,kellygre@library.com,5537679019,2020-11-27
,Justin,Chen,justinche@library.com,5313851092,2024-01-07
,Andre,Mcintyre,andremci@library.com,5405346613,2020-07-25
,Gloria,Villegas,gloriavil@library.com,5426749003,2020-04-04
,William,Brooks,williambro@library.com,5298956141,2021-07-21
,David,Patterson,davidpat@library.com,5451497435,2020-10-14
,Alyssa,Vasquez,alyssavas@library.com,5172026379,2021-10-01
,Brandon,Brown,brandonbro@library.com,5167055218,2024-02-04
,Laurie,Young,laurieyou@library.com,5501153660,2022-04-12
,Cody,Walsh,codywal@library.com,5404637777,2024-08-10
,Christopher,Espinoza,christopheresp@library.com,5413618305,2023-06-23
,Kayla,Mack,kaylamac@library.com,5093843169,2023-06-01
,Jeremy,Sawyer,jeremysaw@library.com,5129020092,2024-08-10
,Christine,Perkins,christineper@library.com,5421503357,2024-10-20
,Joseph,Mitchell,josephmit@library.com,5457754257,2022-02-15
,Christina,Ortiz,christinaort@library.com,5218865744,2021-08-10
,Adam,Yates,adamyat@library.com,5335387763,2022-08-01
,Joshua,Griffin,joshuagri@library.com,5187604666,2024-07-17
,Jesse,Briggs,jessebri@library.com,5095392543,2021-07-14
,Katrina,Perez,katrinaper@library.com,5094215957,2020-11-13
,Mark,Lee,marklee@library.com,5244344245,2022-08-14
,Brian,Clark,briancla@library.com,5276003459,2022-07-02
,Donna,Parks,donnapar@library.com,5500546222,2023-04-06
,Ashley,Robertson,ashleyrob@library.com,5153575844,2023-02-08
,Steven,Marsh,stevenmar@library.com,5035776758,2024-03-07
,Andrea,Jones,andreajon@library.com,5508842876,2020-02-18
,Jennifer,Hicks,jenniferhic@library.com,5424120423,2022-08-30
,Erin,Walker,erinwal@library.com,5453067032,2021-09-02
,Marcus,Martinez,marcusmar@library.com,5290695252,2021-11-10
,Samantha,Pennington,samanthapen@library.com,5516102104,2023-11-15
,James,Hanson,jameshan@library.com,5118992999,2023-09-25
,Nicole,Smith,nicolesmi@library.com,5305612595,2024-11-01
,Jennifer,Watts,jenniferwat@library.com,5300423240,2024-06-27
,Donald,Lewis,donaldlew@library.com,5291345658,2024-09-29
,Tonya,Wallace,tonyawal@library.com,5292143550,2021-10-28
,Ian,Rodriguez,ianrod@library.com,5224600066,2020-12-23
,Jerry,Graham,jerrygra@library.com,5277889934,2024-08-26
,John,Barrett,johnbar@library.com,5229769774,2022-11-17
,Thomas,Byrd,thomasbyr@library.com,5211402684,2023-12-08
,John,Riley,johnril@library.com,5067473822,2023-10-13
,Emily,Garcia,emilygar@library.com,5136735631,2020-06-18
,Robin,Harris,robinhar@library.com,5376216290,2020-05-20
,Katrina,Williams,katrinawil@library.com,5309046030,2023-04-04
,Bryan,Hill,bryanhil@library.com,5274982495,2020-04-25
,Angela,Mccall,angelamcc@library.com,5096756873,2021-02-02
,Michael,Smith,michaelsmi@library.com,5474872295,2024-10-21
,Chelsea,Palmer,chelseapal@library.com,5253958930,2021-01-12
,Mike,Fitzpatrick,mikefit@library.com,5050997927,2020-11-23
,Glenn,Ware,glennwar@library.com,5522883401,2022-11-04
,Alexa,Davis,alexadav@library.com,5441927691,2022-08-31
,Anne,Lee,annelee@library.com,5532393143,2021-03-11
,Mark,Peterson,markpet@library.com,5317470946,2020-07-24
,Regina,Wheeler,reginawhe@library.com,5237399384,2021-05-24
,Michael,Rocha,michaelroc@library.com,5229368767,2024-09-02
,Theresa,Klein,theresakle@library.com,5175833118,2021-01-22
,David,Howard,davidhow@library.com,5318222105,2022-09-12
,Angela,Johnston,angelajoh@library.com,5379370289,2023-08-23
,Michael,Ramos,michaelram@library.com,5096796962,2022-10-07
,Mike,Burns,mikebur@library.com,5098167832,2023-11-06
,Lucas,Zavala,lucaszav@library.com,5088651093,2022-11-01
,Chad,Lamb,chadlam@library.com,5036479047,2021-08-15
,Lawrence,Mays,lawrencemay@library.com,5167055969,2024-05-08
,Jennifer,Hall,jenniferhal@library.com,5137310545,2024-08-04
,Victoria,Phillips,victoriaphi@library.com,5206133948,2024-06-06
,Cameron,Liu,cameronliu@library.com,5480218266,2020-10-30
,Troy,Hines,troyhin@library.com,5518188659,2023-11-10
,Jon,Franklin,jonfra@library.com,5066208883,2021-05-19
,Christina,Santos,christinasan@library.com,5467471579,2021-01-09
,Gail,Fowler,gailfow@library.com,5392512644,2020-07-31
,Darlene,Aguilar,darleneagu@library.com,5307517162,2023-05-21
,Thomas,Clark,thomascla@library.com,5395229263,2020-11-29
,Sara,Fitzpatrick,sarafit@library.com,5209952650,2021-02-01
,Elaine,Singleton,elainesin@library.com,5536701891,2021-02-23
,Sabrina,Hays,sabrinahay@library.com,5100261744,2020-09-09
,Martha,Wood,marthawoo@library.com,5187875535,2020-11-12
,Amanda,Chapman,amandacha@library.com,5089793649,2022-03-20
,Pamela,Simmons,pamelasim@library.com,5170964928,2023-01-25
,David,Henry,davidhen@library.com,5082726838,2024-09-25
,Courtney,Allen,courtneyall@library.com,5372768613,2020-04-01
,Jennifer,Fisher,jenniferfis@library.com,5156845789,2020-06-20
,Sara,Davis,saradav@library.com,5378048286,2021-02-25
,Matthew,Harris,matthewhar@library.com,5172660734,2024-09-24
,Karen,Lopez,karenlop@library.com,5372878302,2023-10-01
,Joshua,Martin,joshuamar@library.com,5471018498,2024-02-04
,Matthew,Tran,matthewtra@library.com,5102047383,2023-05-20
,Robert,Velasquez,robertvel@library.com,5179439172,2021-07-08
,Teresa,Reynolds,teresarey@library.com,5138908730,2023-08-25
,Jason,Garrison,jasongar@library.com,5077161540,2022-08-13
,Rodney,Ortiz,rodneyort@library.com,5515110102,2024-04-06
,Mary,Black,marybla@library.com,5387072690,2024-11-22
,Erica,Avila,ericaavi@library.com,5354861661,2024-11-13
,Joseph,Haynes,josephhay@library.com,5425265495,2021-01-27
,Christopher,Holt,christopherhol@library.com,5361014967,2024-04-22
,Lauren,Hanson,laurenhan@library.com,5091418071,2020-02-10
,Wanda,Robertson,wandarob@library.com,5509816216,2020-05-10
,Jaime,Burnett,jaimebur@library.com,5268107735,2020-12-13
,Lori,Osborne,loriosb@library.com,5466328241,2022-12-05
,Alyssa,Pierce,alyssapie@library.com,5532162362,2020-11-01
,Frank,Diaz,frankdia@library.com,5511834701,2022-01-01
,Joanna,Dixon,joannadix@library.com,5388340930,2021-09-28
,Joseph,Maddox,josephmad@library.com,5243171392,2020-11-27
,Heather,Williams,heatherwil@library.com,5196819261,2023-05-25
,Marcus,Black,marcusbla@library.com,5215689603,2023-08-26
,Jason,Davis,jasondav@library.com,5323017421,2023-02-18
,Joel,Bean,joelbea@library.com,5123028449,2021-05-29
,Sherry,Lam,sherrylam@library.com,5348806217,2023-08-15
,David,Wagner,davidwag@library.com,5156132930,2020-01-13
,John,Gates,johngat@library.com,5189162081,2023-06-15
,Crystal,Shannon,crystalsha@library.com,5118758115,2020-02-25
,Christopher,Cruz,christophercru@library.com,5499799731,2020-11-02
,Christine,Williams,christinewil@library.com,5120095412,2024-12-13
,Connor,Daniels,connordan@library.com,5182655881,2021-09-26
,Thomas,Rios,thomasrio@library.com,5076726281,2021-09-04
,Cynthia,Rivera,cynthiariv@library.com,5156131252,2022-09-16
,Zoe,Williams,zoewil@library.com,5193318576,2023-11-05
,Judith,Fox,judithfox@library.com,5462791906,2020-11-17
,Tyler,Barnes,tylerbar@library.com,5519437916,2021-06-19
,Charles,Estrada,charlesest@library.com,5111552379,2022-02-09
,Candice,Cooper,candicecoo@library.com,5080673795,2020-09-30
,Gary,Caldwell,garycal@library.com,5035063876,2022-03-28
,Eric,Esparza,ericesp@library.com,5213570870,2021-05-17
,Kelsey,Li,kelseyli@library.com,5359191776,2024-08-21
,David,Chandler,davidcha@library.com,5304785974,2023-06-13
,Laura,Adams,lauraada@library.com,5075953919,2023-08-11
,Michael,Foster,michaelfos@library.com,5159497244,2023-09-18
,Joseph,Cortez,josephcor@library.com,5273027902,2021-08-06
,Michael,Nelson,michaelnel@library.com,5499286239,2021-06-08
,Darrell,Douglas,darrelldou@library.com,5083410810,2021-11-02
,Jerry,Payne,jerrypay@library.com,5113784120,2024-06-27
,William,Lewis,williamlew@library.com,5266271263,2021-11-02
,Caitlin,Keith,caitlinkei@library.com,5220909934,2020-04-17
,Deanna,Johnson,deannajoh@library.com,5185143032,2023-08-21
,Stephanie,Armstrong,stephaniearm@library.com,5055248334,2024-02-03
,Crystal,Osborne,crystalosb@library.com,5477933693,2023-11-22
,Patricia,Riley,patriciaril@library.com,5486398741,2024-04-26
,Linda,Lopez,lindalop@library.com,5491684652,2020-05-11
,Christine,Cox,christinecox@library.com,5286451764,2020-12-03
,Jeffrey,Lowe,jeffreylow@library.com,5537150075,2022-10-21
,Chelsea,Baker,chelseabak@library.com,5517033851,2020-06-24
,Andrea,Williams,andreawil@library.com,5111009005,2020-02-19
,Jill,White,jillwhi@library.com,5042484910,2022-10-31
,Eric,Mcclure,ericmcc@library.com,5435097465,2023-01-20
,Teresa,Grant,teresagra@library.com,5240984871,2024-01-20
,Bryan,Guzman,bryanguz@library.com,5054662443,2021-03-18
,Larry,Adams,larryada@library.com,5186591988,2024-09-26
,Cassandra,Lee,cassandralee@library.com,5163466722,2022-08-31
,Andrea,Vargas,andreavar@library.com,5092417290,2022-11-14
,Robert,Williams,robertwil@library.com,5208551089,2021-02-03
,Holly,Rice,hollyric@library.com,5036512316,2023-09-15
,Charles,Morales,charlesmor@library.com,5195998683,2022-01-20
,Melissa,Dean,melissadea@library.com,5456962332,2022-09-08
,Scott,Santos,scottsan@library.com,5145146100,2021-03-10
,Christina,Mcconnell,christinamcc@library.com,5170093814,2020-01-21
,Jennifer,Anderson,jenniferand@library.com,5472256580,2023-01-20
,Gabriel,Simmons,gabrielsim@library.com,5047163373,2020-07-12
,Anita,Evans,anitaeva@library.com,5344486240,2020-09-12
,Brian,Brown,brianbro@library.com,5255914802,2020-01-29
,Heather,Cooley,heathercoo@library.com,5531246720,2022-06-05
,Susan,Pitts,susanpit@library.com,5170452825,2021-03-28
,William,Carroll,williamcar@library.com,5305725570,2020-09-30
,Dorothy,Reese,dorothyree@library.com,5079254151,2020-02-03
,James,Clay,jamescla@library.com,5168544725,2021-05-27
,David,Sullivan,davidsul@library.com,5036352488,2022-08-12
,Linda,Payne,lindapay@library.com,5320282331,2024-05-10
,Michelle,Yang,michelleyan@library.com,5070885458,2024-09-01
,Michael,Brown,michaelbro@library.com,5366785066,2022-06-06
,Daniel,Howard,danielhow@library.com,5301488818,2022-07-12
,Kayla,Carpenter,kaylacar@library.com,5396862023,2023-12-19
,Jill,Taylor,jilltay@library.com,5279453245,2024-07-02
,James,Lynch,jameslyn@library.com,5525350509,2022-10-23
,Jacqueline,Ramos,jacquelineram@library.com,5275353173,2021-04-04
,David,Rollins,davidrol@library.com,5166613413,2020-04-07
,Mark,Castillo,markcas@library.com,5179937360,2022-10-16
,William,Shaw,williamsha@library.com,5100083448,2021-04-27
,Laurie,Stephens,laurieste@library.com,5097588285,2024-08-26
,Angela,Willis,angelawil@library.com,5228940064,2021-12-24
,Diane,Payne,dianepay@library.com,5067591889,2024-07-04
,Robert,Horn,roberthor@library.com,5440341145,2023-04-22
,Lindsey,Johnson,lindseyjoh@library.com,5320235356,2023-07-15
,Andre,Soto,andresot@library.com,5302386150,2020-10-23
,Natasha,Kelly,natashakel@library.com,5109041800,2021-05-20
,Melissa,Wyatt,melissawya@library.com,5125184773,2021-09-18
,Jeffrey,Barnett,jeffreybar@library.com,5323686324,2024-10-14
,Richard,Nielsen,richardnie@library.com,5262359479,2020-04-24
,Cynthia,Jimenez,cynthiajim@library.com,5047965054,2023-06-09
,Nicholas,Hansen,nicholashan@library.com,5338306003,2020-08-09
,Shane,Smith,shanesmi@library.com,5286868091,2022-02-23
,Lori,Mcdaniel,lorimcd@library.com,5134572334,2023-04-01
,Jodi,Harper,jodihar@library.com,5220163467,2021-07-05
,Kimberly,Campbell,kimberlycam@library.com,5175942309,2022-01-12
,Steve,Miles,stevemil@library.com,5413229646,2022-08-27
,Hannah,Peterson,hannahpet@library.com,5498019684,2020-07-25
,Taylor,Kelly,taylorkel@library.com,5123024203,2023-01-01
,Phillip,Downs,phillipdow@library.com,5407045326,2020-01-28
,Nicholas,Morales,nicholasmor@library.com,5202355886,2023-01-03
,Lauren,Powell,laurenpow@library.com,5212005140,2023-06-05
,Christian,Hill,christianhil@library.com,5173107068,2022-01-09
,Kristen,Beck,kristenbec@library.com,5086022358,2020-08-03
,Cindy,Cooper,cindycoo@library.com,5529765520,2022-06-18
,Jeremy,Wright,jeremywri@library.com,5171839359,2021-08-02
,Pamela,Carter,pamelacar@library.com,5493419919,2024-05-26
,Joseph,Vasquez,josephvas@library.com,5299235537,2022-10-08
,Nathaniel,Sanchez,nathanielsan@library.com,5517249743,2023-03-29
,Lori,Stewart,loriste@library.com,5372008854,2022-08-21
,April,Norton,aprilnor@library.com,5262757868,2024-11-02
,James,Wilson,jameswil@library.com,5256339573,2020-10-15
,William,Torres,williamtor@library.com,5328999057,2020-02-05
,Leonard,Herrera,leonardher@library.com,5320963823,2021-08-08
,Richard,Burns,richardbur@library.com,5346257629,2021-04-13
,Stephanie,Hardin,stephaniehar@library.com,5458924263,2022-10-06
,Katherine,Chen,katherineche@library.com,5469050412,2023-07-01
,Michael,Wright,michaelwri@library.com,5216395706,2023-10-23
,Dustin,Hines,dustinhin@library.com,5042676726,2020-11-06
,Nicholas,Rodriguez,nicholasrod@library.com,5306870609,2024-04-05
,Laura,Kent,lauraken@library.com,5453932718,2024-02-25
,Brittany,Wood,brittanywoo@library.com,5312512331,2020-04-19
,Andrea,Roberts,andrearob@library.com,5444162091,2021-12-22
,Kyle,Cameron,kylecam@library.com,5253697817,2022-07-18
,Susan,Ortega,susanort@library.com,5528721405,2020-02-06
,Timothy,Scott,timothysco@library.com,5516345868,2020-08-04
,David,Juarez,davidjua@library.com,5063312851,2021-04-17
,Victor,Weaver,victorwea@library.com,5143002410,2022-03-19
,Anthony,Banks,anthonyban@library.com,5119983652,2020-01-23
,Charles,Richardson,charlesric@library.com,5045865332,2021-02-02
,Kelly,Garcia,kellygar@library.com,5070812813,2020-03-30
,Micheal,Robles,michealrob@library.com,5049095502,2021-02-23
,Timothy,Gonzalez,timothygon@library.com,5173287656,2022-04-27
,Jerry,Rivera,jerryriv@library.com,5041020540,2024-04-30
,William,Ortega,williamort@library.com,5241315770,2021-12-25
,Laura,Gonzales,lauragon@library.com,5150956573,2023-07-07
,Jocelyn,Diaz,jocelyndia@library.com,5376844522,2023-11-04
,Sean,Marshall,seanmar@library.com,5273037660,2021-11-18
,Alice,Sanchez,alicesan@library.com,5279196446,2022-03-22
,Arthur,Sawyer,arthursaw@library.com,5537103516,2020-02-10
,Richard,Schneider,richardsch@library.com,5107156641,2022-06-03
,Timothy,Taylor,timothytay@library.com,5323730756,2022-10-30
,Karen,Moore,karenmoo@library.com,5485931789,2023-04-26
,Sandra,Mitchell,sandramit@library.com,5146586391,2023-12-21
,Katie,Hudson,katiehud@library.com,5241288415,2020-09-20
,Brandon,Davis,brandondav@library.com,5055625586,2020-06-17
,Dillon,Fischer,dillonfis@library.com,5133996808,2024-05-03
,Lindsey,Taylor,lindseytay@library.com,5466391879,2020-07-12
,James,Small,jamessma@library.com,5462670101,2023-12-27
,Dylan,Jones,dylanjon@library.com,5359251206,2020-12-17
,Justin,Hamilton,justinham@library.com,5160010028,2022-01-08
,John,Middleton,johnmid@library.com,5226320968,2024-02-06
,Sheri,Watson,sheriwat@library.com,5413120615,2021-05-23
,Erica,Hernandez,ericaher@library.com,5131201975,2022-05-27
,Brianna,Alexander,briannaale@library.com,5260587263,2021-02-19
,Kathryn,Gonzalez,kathryngon@library.com,5273265867,2020-02-05
,Cheryl,Nelson,cherylnel@library.com,5224207613,2020-07-18
,Teresa,Jenkins,teresajen@library.com,5295212650,2024-07-05
,William,Crosby,williamcro@library.com,5301213019,2024-11-13
,Joseph,Rosario,josephros@library.com,5329196724,2024-03-27
,Gordon,Santana,gordonsan@library.com,5084635620,2022-06-03
,Anthony,Gonzalez,anthonygon@library.com,5119063458,2021-01-02
,Michelle,George,michellegeo@library.com,5525509945,2023-03-29
,Mike,Rasmussen,mikeras@library.com,5042888357,2023-02-05
,Rachel,Oliver,racheloli@library.com,5347727187,2020-03-12
,Luis,Crawford,luiscra@library.com,5050625935,2021-12-22
,Curtis,Miller,curtismil@library.com,5214944585,2022-01-02
,Curtis,Stewart,curtisste@library.com,5353596460,2020-01-04
,Ronald,Flores,ronaldflo@library.com,5058259234,2023-05-22
,Brandon,Taylor,brandontay@library.com,5090390699,2020-08-29
,Ashley,Cochran,ashleycoc@library.com,5302888342,2023-03-28
,Patricia,Hart,patriciahar@library.com,5517123428,2022-08-26
,Sabrina,Johnson,sabrinajoh@library.com,5441772318,2021-09-25
,Kimberly,Petty,kimberlypet@library.com,5266699616,2022-03-02
,Jason,Mcguire,jasonmcg@library.com,5409211093,2024-11-03
,Jennifer,Robertson,jenniferrob@library.com,5154127718,2024-06-24
,Laura,Ingram,lauraing@library.com,5074950528,2021-07-30
,Robert,Perez,robertper@library.com,5308605780,2023-09-07
,Christopher,Diaz,christopherdia@library.com,5123569891,2021-03-12
,Belinda,Owens,belindaowe@library.com,5076723506,2020-09-09
,Christopher,Calhoun,christophercal@library.com,5411910175,2023-08-28
,Robert,Rivera,robertriv@library.com,5388960470,2020-11-30
,Steven,Heath,stevenhea@library.com,5162180648,2021-09-27
,Marc,Erickson,marceri@library.com,5340079777,2020-12-08
,Tara,Walker,tarawal@library.com,5512762915,2020-10-25
,Joshua,Sanchez,joshuasan@library.com,5529524726,2024-01-28
,Brittany,Garcia,brittanygar@library.com,5332440838,2020-12-27
,Heather,Hardy,heatherhar@library.com,5377042311,2024-12-03
,Victoria,Melendez,victoriamel@library.com,5334460991,2022-08-31
,Bonnie,Deleon,bonniedel@library.com,5124476416,2021-02-07
,Shawn,Williams,shawnwil@library.com,5095872097,2021-09-06
,Sandra,Thompson,sandratho@library.com,5451044438,2021-10-07
,Rachel,Lozano,rachelloz@library.com,5494793662,2024-12-13
,Michelle,Petersen,michellepet@library.com,5180747634,2020-09-18
,Samuel,Lee,samuellee@library.com,5487845867,2020-11-21
,Patrick,Cooke,patrickcoo@library.com,5091352958,2021-06-11
,Alicia,Jenkins,aliciajen@library.com,5070901245,2024-12-03
,Laura,Cox,lauracox@library.com,5251305885,2023-12-09
,Jasmine,Evans,jasmineeva@library.com,5259388516,2020-01-05
,Wesley,Mccormick,wesleymcc@library.com,5534845285,2024-06-11
,Bryan,Todd,bryantod@library.com,5083027625,2024-06-13
,Daniel,Snyder,danielsny@library.com,5260866526,2021-10-09
,James,Marshall,jamesmar@library.com,5304972924,2024-02-11
,Tiffany,Sullivan,tiffanysul@library.com,5330338189,2020-08-23
,Theresa,Mercado,theresamer@library.com,5267299315,2023-04-10
,Jillian,Lozano,jillianloz@library.com,5056741984,2021-06-27
,Shelby,Bryant,shelbybry@library.com,5190319297,2020-08-27
,Carl,Hernandez,carlher@library.com,5262854459,2021-02-15
,Becky,Morgan,beckymor@library.com,5309593953,2020-09-25
,Edward,Mclaughlin,edwardmcl@library.com,5186751010,2020-07-30
,William,Murphy,williammur@library.com,5195563745,2024-05-11
,Troy,Medina,troymed@library.com,5398896111,2021-03-07
,Megan,Henderson,meganhen@library.com,5502339127,2021-07-29
,Stephen,Pacheco,stephenpac@library.com,5040833388,2024-08-11
,Catherine,Lyons,catherinelyo@library.com,5367501984,2021-12-16
,Sherry,Mendoza,sherrymen@library.com,5366582770,2023-05-11
,Michael,Gonzalez,michaelgon@library.com,5524106957,2022-12-28
,Spencer,Howe,spencerhow@library.com,5372028751,2023-12-03
,Brittany,Lewis,brittanylew@library.com,5329308177,2021-11-27
,Justin,Fisher,justinfis@library.com,5413409562,2024-03-10
,Diane,Santana,dianesan@library.com,5426337271,2020-10-25
,Lindsey,Craig,lindseycra@library.com,5380970978,2022-08-29
,Gene,Bray,genebra@library.com,5338791987,2024-06-19
,Dale,Donovan,daledon@library.com,5386928170,2023-01-15
,Melissa,Merritt,melissamer@library.com,5048227539,2023-03-27
,Michael,Friedman,michaelfri@library.com,5320506260,2024-05-28
,Timothy,Meza,timothymez@library.com,5377949527,2024-05-08
,Christine,Phillips,christinephi@library.com,5243809688,2023-10-10
,Kayla,Peters,kaylapet@library.com,5459334034,2020-06-11
,Kelli,Kramer,kellikra@library.com,5123543443,2024-08-02
,Michael,Lee,michaellee@library.com,5111571684,2024-06-25
,Michael,Cruz,michaelcru@library.com,5368829738,2020-07-26
,Keith,Jones,keithjon@library.com,5085244270,2021-05-07
,Joshua,Smith,joshuasmi@library.com,5055332457,2023-08-01
,Brittany,Anderson,brittanyand@library.com,5133340497,2021-02-28
,Jim,Livingston,jimliv@library.com,5454402173,2020-10-09
,Austin,Gilmore,austingil@library.com,5431644941,2020-04-19
,Laura,Mcgrath,lauramcg@library.com,5345365528,2022-02-15
,Stephanie,Stevens,stephanieste@library.com,5106522721,2022-05-20
,Jaime,Moran,jaimemor@library.com,5488308244,2023-08-23
,Bethany,Page,bethanypag@library.com,5265089798,2020-01-21
,Amanda,Taylor,amandatay@library.com,5356381409,2024-10-20
,Connor,George,connorgeo@library.com,5325011044,2024-03-23
,Brianna,Caldwell,briannacal@library.com,5282324480,2024-01-15
,Steven,Tran,steventra@library.com,5425859361,2023-12-16
,Alexis,Vasquez,alexisvas@library.com,5367066171,2022-04-27
,Phillip,Smith,phillipsmi@library.com,5091143659,2020-03-27
,Kathryn,Freeman,kathrynfre@library.com,5453434066,2021-09-25
,Heather,Mccann,heathermcc@library.com,5451266734,2020-11-26
,Heather,Barnes,heatherbar@library.com,5327099312,2020-01-15
,Martha,Hall,marthahal@library.com,5038837078,2021-09-05
,Julia,King,juliakin@library.com,5527233893,2020-11-28
,Carol,Hall,carolhal@library.com,5243637262,2022-02-20
,Matthew,Green,matthewgre@library.com,5150819876,2021-05-06
,Janet,Powell,janetpow@library.com,5161626289,2021-06-18
,Tiffany,Diaz,tiffanydia@library.com,5050654460,2022-08-16
,Lauren,Rivera,laurenriv@library.com,5065883073,2023-11-12
,Michelle,Vargas,michellevar@library.com,5042722455,2023-12-26
,Traci,Aguilar,traciagu@library.com,5438399829,2020-10-25
,Erica,Howard,ericahow@library.com,5338890668,2022-04-25
,Tiffany,Morales,tiffanymor@library.com,5327652080,2021-07-17
,Rachel,Randall,rachelran@library.com,5130733003,2024-07-22
,Tanner,Walker,tannerwal@library.com,5281156368,2021-11-04
,Daniel,Vasquez,danielvas@library.com,5231515933,2020-03-07
,Andrea,Miller,andreamil@library.com,5385236750,2022-04-15
,Gary,King,garykin@library.com,5507821863,2023-02-14
,Tamara,Gillespie,tamaragil@library.com,5271013395,2024-06-26
,John,Shea,johnshe@library.com,5145310994,2020-02-24
,Jessica,Jones,jessicajon@library.com,5128747045,2020-01-28
,Madeline,Moore,madelinemoo@library.com,5323701121,2021-11-03
,Elizabeth,Burns,elizabethbur@library.com,5072587619,2024-03-26
,Scott,Wilson,scottwil@library.com,5054956114,2020-12-31
,Paul,Hammond,paulham@library.com,5328254028,2022-06-23
,Robert,Richard,robertric@library.com,5082465499,2022-02-15
,George,Sanford,georgesan@library.com,5215342003,2023-11-05
,Claire,Campbell,clairecam@library.com,5149007062,2021-01-25
,Sarah,White,sarahwhi@library.com,5241573126,2023-07-20
,James,Taylor,jamestay@library.com,5384276422,2023-01-03
,Christina,Kelly,christinakel@library.com,5226005364,2022-07-15
,Thomas,Garrett,thomasgar@library.com,5537000573,2023-05-25
,Jose,Simpson,josesim@library.com,5195721650,2024-08-22
,Hunter,Roberts,hunterrob@library.com,5211278679,2022-10-22
,John,Krueger,johnkru@library.com,5316599405,2022-01-09
,Victoria,Moyer,victoriamoy@library.com,5055623352,2022-08-02
,Jeremy,Chavez,jeremycha@library.com,5450617640,2021-10-16
,Tyler,Knight,tylerkni@library.com,5530370856,2021-01-02
,Danny,Wang,dannywan@library.com,5237465114,2021-02-27
,Maria,Adams,mariaada@library.com,5211597708,2021-03-28
,Ashley,Hansen,ashleyhan@library.com,5069889625,2024-02-03
,David,Brennan,davidbre@library.com,5209089832,2023-11-13
,Brian,Woods,brianwoo@library.com,5105050058,2023-06-28
,Jeffrey,Johnson,jeffreyjoh@library.com,5126814740,2024-06-02
,Douglas,Davis,douglasdav@library.com,5531281306,2021-02-25
,Kathy,Harris,kathyhar@library.com,5217890352,2022-11-24
,Keith,Miller,keithmil@library.com,5316090020,2021-02-07
,William,Donovan,williamdon@library.com,5327470383,2020-01-21
,Jeremiah,Hall,jeremiahhal@library.com,5088981926,2023-03-26
,Matthew,Serrano,matthewser@library.com,5203578502,2023-01-16
,Gregory,Mcdowell,gregorymcd@library.com,5066726087,2021-01-17
,Joshua,Vasquez,joshuavas@library.com,5364763973,2024-11-27
,Alicia,Kaufman,aliciakau@library.com,5321045630,2020-08-16
,Amber,Dean,amberdea@library.com,5323002996,2020-07-25
,Christopher,Blackburn,christopherbla@library.com,5533338942,2021-10-30
,Kathryn,Paul,kathrynpau@library.com,5261791620,2023-02-23
,Henry,Hampton,henryham@library.com,5432968479,2021-11-02
,Chad,Shelton,chadshe@library.com,5512168120,2023-08-12
,Kyle,Stevens,kyleste@library.com,5459832449,2020-03-05
,Tammy,Hopkins,tammyhop@library.com,5486539134,2020-06-09
,Holly,Fox,hollyfox@library.com,5316575121,2023-11-24
,Trevor,Dawson,trevordaw@library.com,5179570217,2021-10-02
,Natalie,Ellis,natalieell@library.com,5058958494,2024-01-03
,Kimberly,Acevedo,kimberlyace@library.com,5204256596,2023-07-28
,Theresa,Holmes,theresahol@library.com,5350213840,2021-03-12
,Nicole,Perez,nicoleper@library.com,5464230402,2022-09-12
,Kristina,Turner,kristinatur@library.com,5291582704,2021-10-19
,Jonathan,Phillips,jonathanphi@library.com,5206007923,2023-11-29
,Gregory,Goodman,gregorygoo@library.com,5478383897,2020-12-05
,Paula,Reese,paularee@library.com,5329631185,2022-05-28
,Holly,Mccarthy,hollymcc@library.com,5056154413,2022-05-08
,Juan,Kelley,juankel@library.com,5236855255,2020-01-30
,Kimberly,Thomas,kimberlytho@library.com,5160262003,2020-07-21
,Brenda,Johnson,brendajoh@library.com,5160335573,2023-09-30
,Alan,Woodward,alanwoo@library.com,5215980930,2020-03-19
,Raymond,Delacruz,raymonddel@library.com,5298141157,2023-10-07
,Stephanie,Baker,stephaniebak@library.com,5415123298,2020-08-20
,Edwin,Flynn,edwinfly@library.com,5184545123,2023-04-23
,Marcus,Morgan,marcusmor@library.com,5114885468,2021-05-05
,Teresa,Wagner,teresawag@library.com,5085013315,2021-10-26
,Perry,Grant,perrygra@library.com,5085348305,2022-04-19
,Shane,Dominguez,shanedom@library.com,5221457499,2023-04-01
,Kevin,Thomas,kevintho@library.com,5525022106,2023-01-13
,Shaun,Scott,shaunsco@library.com,5287536877,2021-07-26
,Victoria,Brown,victoriabro@library.com,5291116599,2020-09-23
,Julie,Frazier,juliefra@library.com,5140003391,2020-04-11
,Jennifer,Castro,jennifercas@library.com,5457271988,2021-11-28
,Jacob,Sheppard,jacobshe@library.com,5466169560,2021-01-08
,Joshua,Williams,joshuawil@library.com,5319195452,2023-06-02
,James,Fisher,jamesfis@library.com,5221949148,2020-01-13
,Jason,Nelson,jasonnel@library.com,5514344079,2024-07-05
,Denise,Jones,denisejon@library.com,5266139714,2022-08-04
,Tammie,Walker,tammiewal@library.com,5114173469,2024-04-02
,Larry,Koch,larrykoc@library.com,5177649315,2021-05-06
,Alexandra,Mccall,alexandramcc@library.com,5317068608,2024-11-01
,Andrew,Mendez,andrewmen@library.com,5473148221,2020-04-26
,Amy,Coleman,amycol@library.com,5137186512,2022-07-23
,Brandy,Wilson,brandywil@library.com,5343054996,2021-06-05
,John,Meyers,johnmey@library.com,5442522915,2022-05-24
,Douglas,Anderson,douglasand@library.com,5290925350,2023-11-21
,Lauren,Juarez,laurenjua@library.com,5155939121,2024-03-27
,Amber,Page,amberpag@library.com,5456286871,2024-05-27
,Jill,Garrison,jillgar@library.com,5102503506,2022-06-23
,Candice,Kirby,candicekir@library.com,5516202745,2020-05-25
,Richard,Watson,richardwat@library.com,5336762597,2020-01-04
,Christopher,Moody,christophermoo@library.com,5291447477,2020-06-07
,Matthew,Douglas,matthewdou@library.com,5139773822,2022-01-17
,Scott,Hernandez,scotther@library.com,5299770964,2022-11-19
,Thomas,Harmon,thomashar@library.com,5037522941,2020-08-05
,Richard,Delgado,richarddel@library.com,5313084825,2023-04-08
,Amanda,Perry,amandaper@library.com,5242212903,2024-01-14
,Duane,Wells,duanewel@library.com,5102782049,2021-01-28
,Lisa,Becker,lisabec@library.com,5491061156,2023-11-05
,Brittany,Miller,brittanymil@library.com,5432611331,2020-08-09
,Kaitlyn,Anderson,kaitlynand@library.com,5263006972,2023-06-03
,Amanda,Robinson,amandarob@library.com,5054758230,2024-03-04
,Bradley,Williams,bradleywil@library.com,5191224813,2023-05-22
,Christopher,Duffy,christopherduf@library.com,5314909202,2024-02-27
,Kim,Chung,kimchu@library.com,5223478898,2021-03-26
,Veronica,Aguirre,veronicaagu@library.com,5172351827,2020-06-23
,Barbara,Richardson,barbararic@library.com,5164607205,2021-09-14
,Christopher,Singleton,christophersin@library.com,5269029657,2023-12-16
,Barbara,Salas,barbarasal@library.com,5342280668,2024-06-16
,Cynthia,Smith,cynthiasmi@library.com,5499197791,2020-12-29
,Eric,Morgan,ericmor@library.com,5323859657,2022-04-18
,Steven,Johnson,stevenjoh@library.com,5440356925,2022-12-28
,Ricky,Phillips,rickyphi@library.com,5525101573,2024-05-17
,Tina,Davis,tinadav@library.com,5417688497,2020-03-03
,Amy,Yu,amyyu@library.com,5241322663,2024-05-01
,Melanie,Turner,melanietur@library.com,5085850589,2020-06-12
,Lindsey,Little,lindseylit@library.com,5408029236,2020-10-23
,Brittany,Henderson,brittanyhen@library.com,5408236185,2020-10-22
,Anthony,Wagner,anthonywag@library.com,5306257264,2022-07-21
,Victoria,Shaffer,victoriasha@library.com,5221652221,2024-05-29
,Angel,Reynolds,angelrey@library.com,5241018149,2024-04-29
,Wanda,Wade,wandawad@library.com,5341100916,2022-04-29
,Richard,Ali,richardali@library.com,5382554488,2022-01-29
,William,Mejia,williammej@library.com,5370014653,2024-04-10
,Kevin,Campbell,kevincam@library.com,5130330233,2022-02-04
,Emily,Lowe,emilylow@library.com,5142373515,2020-09-26
,Barry,Young,barryyou@library.com,5055234060,2023-04-16
,Mark,Smith,marksmi@library.com,5429127322,2022-11-24
,Jasmine,Martinez,jasminemar@library.com,5264555196,2022-04-15
,Daniel,Weber,danielweb@library.com,5305299618,2023-06-14
,Kevin,Baldwin,kevinbal@library.com,5434300994,2021-05-17
,Joseph,Wright,josephwri@library.com,5444410667,2023-07-27
,Katie,Williams,katiewil@library.com,5057427168,2024-02-26
,Mark,Gregory,markgre@library.com,5300919485,2020-05-24
,Shannon,Schwartz,shannonsch@library.com,5423362586,2023-10-19
,Dawn,Tran,dawntra@library.com,5524490712,2023-08-04
,Jessica,Robinson,jessicarob@library.com,5314405247,2021-09-22
,Teresa,Daugherty,teresadau@library.com,5443242926,2022-01-13
,Christopher,Baker,christopherbak@library.com,5200348925,2022-08-28
,Jacob,Hanson,jacobhan@library.com,5488975525,2020-02-11
,Christopher,Olson,christopherols@library.com,5391542907,2024-01-16
,Dennis,Holland,dennishol@library.com,5196494561,2020-02-25
,Douglas,Taylor,douglastay@library.com,5486463177,2024-11-10
,Trevor,Hernandez,trevorher@library.com,5043005360,2022-06-26
,Steven,Johnson,stevenjoh@library.com,5374427810,2022-05-02
,Jennifer,Bowman,jenniferbow@library.com,5425029813,2024-08-18
,Jose,Christian,josechr@library.com,5243288624,2022-03-18
,Cesar,Zimmerman,cesarzim@library.com,5496720418,2023-07-11
,Carolyn,Lee,carolynlee@library.com,5218000104,2022-09-16
,Peggy,Jones,peggyjon@library.com,5212723183,2024-08-08
,Andrew,Wolf,andrewwol@library.com,5107712780,2022-05-19
,Roger,Cardenas,rogercar@library.com,5277893733,2022-12-18
,Anthony,Hendrix,anthonyhen@library.com,5414340772,2024-10-11
,Stephanie,Franklin,stephaniefra@library.com,5479763949,2021-06-23
,Kayla,Robertson,kaylarob@library.com,5350114396,2022-04-06
,Mallory,Villanueva,malloryvil@library.com,5067831443,2023-07-11
,Brian,Sanders,briansan@library.com,5501315891,2024-09-10
,Ruth,Jimenez,ruthjim@library.com,5359258186,2022-01-08
,Thomas,Chapman,thomascha@library.com,5249050827,2024-06-04
,Kayla,Garner,kaylagar@library.com,5260078944,2022-02-06
,Matthew,Vargas,matthewvar@library.com,5523752518,2022-09-24
,Wendy,Miller,wendymil@library.com,5487887976,2022-03-16
,William,Carter,williamcar@library.com,5508313591,2020-04-10
,Dawn,Wells,dawnwel@library.com,5443639811,2021-08-29
,Michael,Dudley,michaeldud@library.com,5063332331,2022-06-06
,Andre,Yoder,andreyod@library.com,5323200429,2020-08-21
,Ryan,Gibbs,ryangib@library.com,5213320861,2023-10-10
,Brian,Morrison,brianmor@library.com,5116489307,2024-08-08
,Haley,Stewart,haleyste@library.com,5288571432,2023-05-26
,Ronald,Wilson,ronaldwil@library.com,5525656712,2020-02-23
,Jerry,Nelson,jerrynel@library.com,5307565707,2024-01-01
,Nicholas,Jenkins,nicholasjen@library.com,5101185540,2022-03-19
,John,Rose,johnros@library.com,5058485054,2021-09-13
,Jose,Robinson,joserob@library.com,5276109199,2022-11-02
,Jesse,Williams,jessewil@library.com,5534224167,2023-08-01
,Jeffrey,Ford,jeffreyfor@library.com,5236331361,2020-09-30
,Cathy,Fisher,cathyfis@library.com,5317803892,2021-08-27
,Brandy,Gilmore,brandygil@library.com,5184887042,2020-11-08
,Patricia,Andrews,patriciaand@library.com,5208914357,2022-03-13
,Shane,Diaz,shanedia@library.com,5375507556,2022-08-23
,Heidi,Schultz,heidisch@library.com,5522145272,2022-10-09
,David,Wheeler,davidwhe@library.com,5529257181,2021-11-22
,Lisa,Owens,lisaowe@library.com,5517905365,2024-11-27
,Melissa,Shields,melissashi@library.com,5375353864,2024-06-09
,Carolyn,Osborn,carolynosb@library.com,5450804983,2022-03-13
,Scott,Adams,scottada@library.com,5262921416,2020-12-09
,Douglas,Johnson,douglasjoh@library.com,5537987532,2023-07-24
,Amber,Watson,amberwat@library.com,5511619718,2021-04-18
,Phyllis,Collins,phylliscol@library.com,5245043929,2024-08-06
,Melanie,Gonzalez,melaniegon@library.com,5125847476,2020-03-11
,Juan,Ramos,juanram@library.com,5171074168,2021-02-14
,Janet,Williams,janetwil@library.com,5242179808,2020-05-02
,Jake,Johnson,jakejoh@library.com,5099703589,2020-12-23
,Julie,Holt,juliehol@library.com,5347704892,2023-02-15
,Brian,Rogers,brianrog@library.com,5158777350,2023-05-18
,Rebecca,Taylor,rebeccatay@library.com,5211217076,2022-07-09
,Steve,Ramirez,steveram@library.com,5157818253,2023-01-21
,Thomas,Michael,thomasmic@library.com,5354539381,2020-08-29
,Robert,Clark,robertcla@library.com,5522896306,2020-07-11
,Jorge,Harris,jorgehar@library.com,5229724612,2024-03-21
,Brenda,Crosby,brendacro@library.com,5202757421,2020-11-13
,Richard,Lopez,richardlop@library.com,5496609844,2023-01-25
,Kenneth,Patterson,kennethpat@library.com,5317923003,2022-06-13
,Yvonne,Mcconnell,yvonnemcc@library.com,5227148878,2021-05-07
,Cynthia,Hernandez,cynthiaher@library.com,5508734357,2021-12-07
,Leslie,Bailey,lesliebai@library.com,5431578546,2022-05-18
,Robert,Taylor,roberttay@library.com,5044589923,2024-07-30
,Patricia,Collins,patriciacol@library.com,5356133291,2020-05-02
,Kathryn,Smith,kathrynsmi@library.com,5147572128,2023-06-05
,Omar,Evans,omareva@library.com,5405875423,2023-01-08
,Heidi,Buckley,heidibuc@library.com,5484002495,2023-01-25
,Alexander,Lyons,alexanderlyo@library.com,5228661311,2020-11-27
,Tracy,Russell,tracyrus@library.com,5387220888,2022-07-04
,Crystal,Hanson,crystalhan@library.com,5110906043,2021-09-15
,Raymond,Ross,raymondros@library.com,5480342314,2023-10-23
,Daniel,Miller,danielmil@library.com,5104063915,2024-10-03
,Timothy,Thompson,timothytho@library.com,5376743935,2024-05-14
,Stephanie,Fisher,stephaniefis@library.com,5406608364,2021-04-01
,Matthew,Garcia,matthewgar@library.com,5155933501,2020-11-20
,Scott,Mcknight,scottmck@library.com,5380580695,2020-04-11
,Timothy,Harper,timothyhar@library.com,5374307070,2022-01-27
,Jorge,Walker,jorgewal@library.com,5055986963,2022-03-06
,Lisa,Carroll,lisacar@library.com,5507638440,2020-02-15
,Dawn,Ramirez,dawnram@library.com,5288051984,2021-11-13
,John,Nguyen,johnngu@library.com,5493622196,2024-06-29
,Renee,Mata,reneemat@library.com,5257537499,2022-11-06
,Beth,Bailey,bethbai@library.com,5115174126,2023-01-22
,Rodney,Montgomery,rodneymon@library.com,5275780591,2021-12-14
,Tina,Haley,tinahal@library.com,5461075532,2023-01-08
,Michael,Casey,michaelcas@library.com,5039736853,2024-11-27
,Brian,Heath,brianhea@library.com,5400323994,2020-09-10
,Mark,Barr,markbar@library.com,5423270141,2022-07-07
,Jenna,Johnson,jennajoh@library.com,5222756966,2023-08-02
,Adam,Sullivan,adamsul@library.com,5516477531,2023-10-06
,Alexa,Long,alexalon@library.com,5079105795,2021-01-19
,Raymond,Marshall,raymondmar@library.com,5040877901,2021-06-20
,John,Garza,johngar@library.com,5383608194,2021-01-26
,Tony,Hogan,tonyhog@library.com,5207465257,2020-06-10
,Eric,Dawson,ericdaw@library.com,5315446045,2020-08-30
,John,Ballard,johnbal@library.com,5188635385,2023-01-08
,Virginia,Knight,virginiakni@library.com,5079596392,2022-01-02
,Kevin,Maxwell,kevinmax@library.com,5335646746,2022-04-01
,Tracy,Gutierrez,tracygut@library.com,5152023954,2022-02-10
,Glenn,Anderson,glennand@library.com,5049826977,2023-02-01
,David,Cox,davidcox@library.com,5461882131,2024-11-25
,Tim,Grimes,timgri@library.com,5117363039,2024-11-26
,Eric,Dean,ericdea@library.com,5150660205,2020-08-11
,David,Soto,davidsot@library.com,5111205070,2020-08-01
,Robert,Johnson,robertjoh@library.com,5364983123,2023-03-28
,Joseph,Thompson,josephtho@library.com,5418962025,2021-02-27
,Michelle,Jones,michellejon@library.com,5150023471,2023-06-17
,Thomas,Lang,thomaslan@library.com,5089208694,2020-05-07
,Lauren,Zimmerman,laurenzim@library.com,5182561964,2024-04-16
,Walter,Michael,waltermic@library.com,5133315386,2020-01-24
,Joshua,Alvarez,joshuaalv@library.com,5079511885,2022-01-09
,Anthony,Ortega,anthonyort@library.com,5370733461,2021-02-23
,Joseph,Flores,josephflo@library.com,5513212139,2021-11-05
,Traci,Krause,tracikra@library.com,5464861373,2021-05-22
,Austin,Reynolds,austinrey@library.com,5094403783,2022-10-27
,Deborah,Perry,deborahper@library.com,5279240855,2020-03-03
,Mark,Gutierrez,markgut@library.com,5275508149,2021-01-30
,Rodney,Wright,rodneywri@library.com,5171298680,2022-04-14
,Anthony,Harper,anthonyhar@library.com,5160651557,2023-02-25
,Teresa,Singh,teresasin@library.com,5377726135,2020-01-19
,Cynthia,Finley,cynthiafin@library.com,5124490115,2022-06-26
,Jack,Diaz,jackdia@library.com,5118435703,2023-03-26
,Jasmine,Sweeney,jasmineswe@library.com,5148155178,2020-07-09
,Karen,Lynch,karenlyn@library.com,5090085944,2022-07-05
,Andrea,Taylor,andreatay@library.com,5055413530,2023-07-01
,Mark,Thompson,marktho@library.com,5416869193,2022-01-27
,Heather,Young,heatheryou@library.com,5430376152,2022-12-08
,Jane,Morris,janemor@library.com,5117457421,2024-11-13
,James,Pope,jamespop@library.com,5464745970,2024-03-29
,Tiffany,Rogers,tiffanyrog@library.com,5188048575,2020-04-20
,Dylan,Martinez,dylanmar@library.com,5384627547,2021-03-01
,Gregory,Stevens,gregoryste@library.com,5306716240,2022-10-12
,Jeff,Carson,jeffcar@library.com,5521991322,2021-10-19
,Patricia,Sanchez,patriciasan@library.com,5216833998,2024-01-30
,Daniel,Martinez,danielmar@library.com,5155472110,2024-06-26
,David,Contreras,davidcon@library.com,5524480090,2021-11-10
,Jesse,Flores,jesseflo@library.com,5372624708,2022-09-21
,Chris,Olson,chrisols@library.com,5136199672,2022-04-24
,Jason,Ware,jasonwar@library.com,5364633037,2024-07-26
,Russell,Brown,russellbro@library.com,5472798470,2023-04-11
,Keith,Jenkins,keithjen@library.com,5285034898,2022-09-06
,Joel,Schwartz,joelsch@library.com,5537307224,2020-09-14
,Cassandra,Gray,cassandragra@library.com,5417735399,2022-01-07
,Elizabeth,Norton,elizabethnor@library.com,5454630763,2021-04-27
,Laurie,Gonzalez,lauriegon@library.com,5155897674,2021-08-04
,Christian,Daniels,christiandan@library.com,5374232684,2021-12-10
,Christopher,Perez,christopherper@library.com,5071459359,2021-08-05
,Tracy,Woods,tracywoo@library.com,5334541095,2020-04-15
,Victoria,Horn,victoriahor@library.com,5378941451,2020-03-31
,Amanda,Barnes,amandabar@library.com,5173374938,2021-06-14
,Donald,Lloyd,donaldllo@library.com,5533990982,2020-12-29
,Douglas,Lopez,douglaslop@library.com,5424119280,2022-04-06
,Kristy,Williams,kristywil@library.com,5336931288,2024-08-14
,Douglas,Barnett,douglasbar@library.com,5500550233,2020-05-01
,Jose,Miller,josemil@library.com,5365052101,2021-10-10
,Lisa,Chavez,lisacha@library.com,5085321656,2023-10-30
,Jacqueline,Sullivan,jacquelinesul@library.com,5371323882,2021-10-23
,Molly,Maldonado,mollymal@library.com,5327984642,2022-10-11
,Joel,Lopez,joellop@library.com,5267624934,2023-04-20
,Vanessa,Crawford,vanessacra@library.com,5499018016,2021-08-17
,Andrea,Ross,andrearos@library.com,5137525646,2020-12-20
,Michael,Patton,michaelpat@library.com,5117766161,2022-08-20
,Ashley,Smith,ashleysmi@library.com,5099322245,2024-11-11
,Richard,Underwood,richardund@library.com,5040876589,2023-07-12
,Carrie,Henry,carriehen@library.com,5416430623,2023-06-29
,Kyle,Frost,kylefro@library.com,5267430607,2024-09-17
,Mark,Holland,markhol@library.com,5099318775,2021-08-02
,Angela,Wright,angelawri@library.com,5127737269,2021-09-17
,Megan,Cooper,megancoo@library.com,5315083951,2021-04-01
,Joseph,Saunders,josephsau@library.com,5153899980,2022-12-08
,William,Combs,williamcom@library.com,5457016727,2020-02-24
,James,Olson,jamesols@library.com,5304860396,2021-05-08
,Michael,Wilson,michaelwil@library.com,5488996808,2023-10-14
,Curtis,Harper,curtishar@library.com,5389823347,2020-03-27
,Ryan,Fisher,ryanfis@library.com,5414247573,2021-04-01
,Nicholas,Cooper,nicholascoo@library.com,5254490262,2021-12-15
,Ryan,Burton,ryanbur@library.com,5389368390,2023-10-28
,Matthew,Walker,matthewwal@library.com,5130182295,2024-09-08
,Thomas,Hancock,thomashan@library.com,5276553725,2022-01-15
,Jeffrey,Edwards,jeffreyedw@library.com,5131837259,2022-08-04
,Sonia,Davis,soniadav@library.com,5314657960,2021-08-13
,Stephanie,Harding,stephaniehar@library.com,5387743748,2024-02-24
,Jessica,Nelson,jessicanel@library.com,5381863979,2020-11-10
,Stephen,Rodriguez,stephenrod@library.com,5487454388,2022-08-04
,Derek,Wright,derekwri@library.com,5197867686,2021-05-27
,Brian,Hernandez,brianher@library.com,5102299768,2021-12-21
,Andrew,Cole,andrewcol@library.com,5116871806,2021-08-26
,Kathryn,Blake,kathrynbla@library.com,5071535203,2023-05-09
,Adam,Howard,adamhow@library.com,5282223129,2024-02-12
,Tyrone,Davis,tyronedav@library.com,5413362109,2024-11-25
,Richard,Roberts,richardrob@library.com,5198035984,2022-08-20
,Danielle,Small,daniellesma@library.com,5265758659,2021-02-24
,Angel,Freeman,angelfre@library.com,5252177932,2020-10-30
,Pamela,Wagner,pamelawag@library.com,5138143992,2022-02-24
,Jennifer,Bailey,jenniferbai@library.com,5459538878,2023-01-11
,Kara,Taylor,karatay@library.com,5126185150,2023-05-22
,Lindsay,Rodriguez,lindsayrod@library.com,5260228498,2022-07-12
,April,Rogers,aprilrog@library.com,5106310285,2024-04-01
,Shannon,Shepard,shannonshe@library.com,5272664627,2024-08-25
,Amber,Mcgee,ambermcg@library.com,5375660666,2021-09-25
,John,Fowler,johnfow@library.com,5200339043,2023-09-19
,Stacey,Henry,staceyhen@library.com,5525482189,2024-08-15
,Christian,Decker,christiandec@library.com,5094600627,2022-03-15
,James,Becker,jamesbec@library.com,5043849470,2022-01-21
,Alicia,Hood,aliciahoo@library.com,5123709318,2022-05-01
,Mary,Russell,maryrus@library.com,5351082485,2024-01-25
,Kyle,Becker,kylebec@library.com,5202105309,2020-01-22
,Amber,Brown,amberbro@library.com,5359244776,2024-02-27
,Edward,Jimenez,edwardjim@library.com,5485158160,2020-11-14
,Katie,Davidson,katiedav@library.com,5364151784,2022-03-25
,Lorraine,Reid,lorrainerei@library.com,5143167193,2023-08-09
,Matthew,Reilly,matthewrei@library.com,5515239923,2020-04-11
,Samantha,Davis,samanthadav@library.com,5205658266,2024-01-30
,Michael,Owens,michaelowe@library.com,5263711275,2023-06-12
,James,Molina,jamesmol@library.com,5336404001,2024-10-18
,Scott,Atkins,scottatk@library.com,5459194274,2020-11-30
,Jeffery,Wood,jefferywoo@library.com,5107340664,2021-10-05
,Sherry,Harrison,sherryhar@library.com,5383650033,2021-09-07
,Peter,Turner,petertur@library.com,5037276750,2024-06-25
,Kristen,Gray,kristengra@library.com,5254206906,2023-09-04
,Tracy,Smith,tracysmi@library.com,5455914084,2022-12-20
,Sarah,Knapp,sarahkna@library.com,5353487320,2020-10-16
,Jesus,Lindsey,jesuslin@library.com,5430631016,2020-02-07
,Sandra,Love,sandralov@library.com,5320240576,2022-06-21
,Johnathan,Gutierrez,johnathangut@library.com,5433176397,2021-12-12
,Joshua,Bridges,joshuabri@library.com,5160020774,2020-05-13
,Teresa,Payne,teresapay@library.com,5210822622,2024-11-27
,William,Walls,williamwal@library.com,5530085037,2022-01-31
,Theresa,Garcia,theresagar@library.com,5381017639,2021-08-27
,Patrick,Wells,patrickwel@library.com,5080339183,2021-08-28
,Lisa,Wilson,lisawil@library.com,5175244916,2021-07-10
,Marissa,Mitchell,marissamit@library.com,5451610103,2020-02-09
,Kathryn,Cooke,kathryncoo@library.com,5306975093,2021-03-27
,Kurt,Clements,kurtcle@library.com,5282779239,2024-02-01
,Jim,Shelton,jimshe@library.com,5530452118,2023-08-13
,Jacob,Haynes,jacobhay@library.com,5125271707,2021-08-25
,Edward,Austin,edwardaus@library.com,5501889520,2020-09-03
,Stacey,Wise,staceywis@library.com,5476240762,2024-08-24
,Charles,Bailey,charlesbai@library.com,5490129856,2022-10-12
,Jacqueline,Reed,jacquelineree@library.com,5309132234,2024-07-03
,Kathleen,Chapman,kathleencha@library.com,5121222413,2024-08-25
,Matthew,Clark,matthewcla@library.com,5068214290,2024-06-08
,Julie,Rice,julieric@library.com,5138258664,2020-02-16
,Justin,Miller,justinmil@library.com,5305154302,2024-02-20
,Bonnie,Davis,bonniedav@library.com,5436413929,2021-08-22
,Karina,Peterson,karinapet@library.com,5403242512,2023-07-30
,Yvette,Aguilar,yvetteagu@library.com,5177405174,2023-07-29
,John,Garcia,johngar@library.com,5269891137,2021-10-25
,Yesenia,Cardenas,yeseniacar@library.com,5457420476,2022-04-03
,Brian,Jones,brianjon@library.com,5222922087,2020-12-31
,Scott,Green,scottgre@library.com,5179466838,2024-10-22
,Chad,Kaufman,chadkau@library.com,5355846248,2022-06-17
,Marcus,Harris,marcushar@library.com,5105628523,2022-12-19
,Daniel,Waters,danielwat@library.com,5510865995,2020-02-23
,Brian,Martinez,brianmar@library.com,5136771773,2023-11-24
,Sarah,Fleming,sarahfle@library.com,5152573326,2023-06-04
,Rebecca,Wall,rebeccawal@library.com,5038794142,2024-02-19
,John,Mayer,johnmay@library.com,5238877536,2021-01-16
,Raymond,Turner,raymondtur@library.com,5178942218,2022-09-27
,Javier,Schultz,javiersch@library.com,5249601089,2021-07-13
,Jason,Patterson,jasonpat@library.com,5180386065,2020-12-14
,Brenda,Benson,brendaben@library.com,5401187477,2022-05-24
,Adam,Lewis,adamlew@library.com,5110768113,2024-11-29
,Justin,Ware,justinwar@library.com,5139822855,2023-12-12
,Tara,Alvarado,taraalv@library.com,5308929328,2021-05-12
,Nancy,Curtis,nancycur@library.com,5189729697,2021-10-20
,Angelica,Quinn,angelicaqui@library.com,5131366848,2021-02-07
,Meagan,Lopez,meaganlop@library.com,5449296469,2022-08-24
,Stephen,Anthony,stephenant@library.com,5439680818,2023-05-13
,Rebecca,Rivera,rebeccariv@library.com,5094936984,2021-07-08
,Dakota,Chandler,dakotacha@library.com,5059452277,2020-05-12
,Isaac,Arnold,isaacarn@library.com,5205961878,2023-09-29
,Latoya,Davis,latoyadav@library.com,5060274180,2022-09-30
,Gina,Humphrey,ginahum@library.com,5534021347,2020-05-27
,Donald,Anderson,donaldand@library.com,5398746689,2022-10-09
,Kimberly,Martinez,kimberlymar@library.com,5387146779,2023-01-31
,Samuel,Smith,samuelsmi@library.com,5504926055,2023-11-29
,Jessica,Clark,jessicacla@library.com,5318580714,2020-06-23
,Cindy,Mcdonald,cindymcd@library.com,5104272198,2021-02-20
,Mark,Marshall,markmar@library.com,5354942935,2022-09-08
,Kristen,Smith,kristensmi@library.com,5282180932,2021-12-14
,Nicholas,Bennett,nicholasben@library.com,5404347315,2020-10-10
,Becky,Lewis,beckylew@library.com,5105298249,2020-06-03
,Margaret,Floyd,margaretflo@library.com,5330197453,2020-06-08
,Erin,Andrade,erinand@library.com,5538714275,2022-12-05
,Ronnie,Jones,ronniejon@library.com,5375472931,2024-12-16
,Scott,Alvarez,scottalv@library.com,5391093833,2024-07-06
,Kimberly,Wong,kimberlywon@library.com,5391230363,2022-11-16
,Jon,Hartman,jonhar@library.com,5071610127,2024-02-12
,Cory,Clarke,corycla@library.com,5368019151,2024-06-03
,Jeffrey,Baker,jeffreybak@library.com,5208803693,2022-08-01
,Jessica,Rojas,jessicaroj@library.com,5301527086,2024-05-07
,Benjamin,Bass,benjaminbas@library.com,5233524995,2021-02-07
,Douglas,Mccarthy,douglasmcc@library.com,5399817601,2021-08-27
,Jessica,Huang,jessicahua@library.com,5250726390,2021-08-19
,Joanna,Johnson,joannajoh@library.com,5208494024,2023-05-01
,Benjamin,Miller,benjaminmil@library.com,5181600975,2024-08-31
,Daniel,Harding,danielhar@library.com,5133498824,2020-04-05
,Richard,Bennett,richardben@library.com,5040961695,2022-03-01
,Benjamin,Joyce,benjaminjoy@library.com,5262352076,2024-04-11
,Samantha,Holloway,samanthahol@library.com,5046166593,2021-02-18
,Brooke,Bush,brookebus@library.com,5354088171,2020-06-05
,Valerie,Irwin,valerieirw@library.com,5265384078,2020-04-22
,Christopher,Patterson,christopherpat@library.com,5220723383,2021-11-15
,Rose,Kelly,rosekel@library.com,5048219202,2021-09-14
,Jeremy,Smith,jeremysmi@library.com,5424925624,2022-12-24
,Mike,Burke,mikebur@library.com,5139976602,2022-11-23
,Elizabeth,Miller,elizabethmil@library.com,5351047760,2021-05-31
,Carl,Lee,carllee@library.com,5212106424,2024-05-12
,Jennifer,Sampson,jennifersam@library.com,5157642184,2021-08-14
,Laura,Sexton,laurasex@library.com,5273207038,2020-07-06
,Steve,Curry,stevecur@library.com,5178533783,2024-02-24
,Daniel,Thomas,danieltho@library.com,5424360423,2024-08-22
,Jeffrey,Kane,jeffreykan@library.com,5431585392,2022-08-18
,Robert,Campbell,robertcam@library.com,5088030951,2020-08-07
,Warren,Barnett,warrenbar@library.com,5424949266,2020-09-15
,Nichole,Oneill,nicholeone@library.com,5536394963,2021-05-19
,Jeffrey,Abbott,jeffreyabb@library.com,5309249306,2022-07-13
,Dana,Taylor,danatay@library.com,5184818399,2023-06-03
,Rebecca,Robinson,rebeccarob@library.com,5263979595,2023-08-02
,Matthew,Yang,matthewyan@library.com,5535915577,2022-08-12
,Alexis,Cooper,alexiscoo@library.com,5400296394,2023-09-13
,Megan,Frazier,meganfra@library.com,5504455370,2024-02-11
,Angela,Richardson,angelaric@library.com,5503305777,2020-11-20
,Amy,Mathews,amymat@library.com,5415646666,2022-09-28
,Jonathan,Smith,jonathansmi@library.com,5190266344,2024-04-24
,Philip,Harris,philiphar@library.com,5382841089,2023-12-26
,Nathan,Robinson,nathanrob@library.com,5490713830,2020-01-15
,Heather,Burton,heatherbur@library.com,5197015246,2024-01-27
,Heather,Henderson,heatherhen@library.com,5205204501,2024-11-28
